X,Y,OBJECTID,Facility_ID,Facility_Name,Facility_Type_Code,Facility_Type,Map_Symbol,Facility_Type_Detail,Facility_Type_Abbreviation,Licensed_Beds_Total,Telephone,County,Address_Full,latitude,longitude,CDPHE_HFEMS_Licensed,Operating_Status,Date_Data_Updated,Source
-105.148026,39.950745,294,010316,ADVENTHEALTH AVISTA,011,Hospital,Hospital,Short Term Hospital,HOSP-ACU,114,303-673-1000,BOULDER,"100 HEALTH PARK DR, LOUISVILLE, CO 80027-9583",39.950745,-105.148026,yes,ACTIVE,2024/07/30 00:00:00+00,CDPHE Health Facilities and Emergency Medical Services Division
-104.886055,39.403603,295,01L581,ADVENTHEALTH CASTLE ROCK,011,Hospital,Hospital,Short Term Hospital,HOSP-ACU,90,720-455-5000,DOUGLAS,"2350 MEADOWS BLVD, CASTLE ROCK, CO 80109",39.403603,-104.886055,yes,ACTIVE,2024/07/30 00:00:00+00,CDPHE Health Facilities and Emergency Medical Services Division
-104.988419,39.576485,300,010456,ADVENTHEALTH LITTLETON,011,Hospital,Hospital,Short Term Hospital,HOSP-ACU,231,303-730-8900,ARAPAHOE,"7700 S BROADWAY, LITTLETON, CO 80122-2602",39.576485,-104.988419,yes,ACTIVE,2024/07/30 00:00:00+00,CDPHE Health Facilities and Emergency Medical Services Division
-104.769936,39.549644,301,01J544,ADVENTHEALTH PARKER,011,Hospital,Hospital,Short Term Hospital,HOSP-ACU,179,303-269-4000,DOUGLAS,"9395 CROWN CREST BLVD, PARKER, CO 80138-8573",39.549644,-104.769936,yes,ACTIVE,2024/07/30 00:00:00+00,CDPHE Health Facilities and Emergency Medical Services Division
-104.973557,39.670654,302,010424,ADVENTHEALTH PORTER,011,Hospital,Hospital,Short Term Hospital,HOSP-ACU,368,303-778-1955,DENVER,"2525 S DOWNING ST, DENVER, CO 80210-5817",39.670654,-104.973557,yes,ACTIVE,2024/07/30 00:00:00+00,CDPHE Health Facilities and Emergency Medical Services Division
-107.870712,37.248627,515,01M130,"ANIMAS SURGICAL HOSPITAL, LLC",011,Hospital,Hospital,Short Term Hospital,HOSP-ACU,12,970-247-3537,LA PLATA,"575 RIVERGATE LN  UNIT 100, DURANGO, CO 81301-7488",37.248627,-107.870712,yes,ACTIVE,2024/07/30 00:00:00+00,CDPHE Health Facilities and Emergency Medical Services Division
-103.839421,38.189182,593,180203,ARKANSAS VALLEY CORRECTIONAL FACILITY,S63,Community Clinic,Clinic,Community Clinic-DOC,CCDOC,0,719-267-3520,CROWLEY,"12750 HWY 96, ORDWAY, CO 81034",38.189182,-103.839421,yes,ACTIVE,2024/07/30 00:00:00+00,CDPHE Health Facilities and Emergency Medical Services Division
-103.548805,37.977547,596,010210,ARKANSAS VALLEY REGIONAL MEDICAL CENTER,014,Hospital,Hospital,Critical Access Hospital,HOSP-CAH,25,719-363-1428,OTERO,"1100 CARSON AVE, LA JUNTA, CO 81050",37.977547,-103.548805,yes,ACTIVE,2024/07/30 00:00:00+00,CDPHE Health Facilities and Emergency Medical Services Division
-105.156106,38.434865,600,180607,ARROWHEAD CORRECTIONAL CENTER,S63,Community Clinic,Clinic,Community Clinic-DOC,CCDOC,0,719-269-5644,FREMONT,"EAST US HIGHWAY 50 & EVANS BOULEVARD, CANON CITY, CO 81212",38.434865,-105.156106,yes,ACTIVE,2024/07/30 00:00:00+00,CDPHE Health Facilities and Emergency Medical Services Division
-106.837822,39.190014,633,010907,ASPEN VALLEY HOSPITAL,014,Hospital,Hospital,Critical Access Hospital,HOSP-CAH,25,970-544-1261,PITKIN,"401 CASTLE CREEK RD, ASPEN, CO 81611-1159",39.190014,-106.837822,yes,ACTIVE,2024/07/30 00:00:00+00,CDPHE Health Facilities and Emergency Medical Services Division
-105.010811,40.521141,780,01K608,BANNER FORT COLLINS MEDICAL CENTER,011,Hospital,Hospital,Short Term Hospital,HOSP-ACU,29,970-821-4000,LARIMER,"4700 LADY MOON DR, FORT COLLINS, CO 80528-4426",40.521141,-105.010811,yes,ACTIVE,2024/07/30 00:00:00+00,CDPHE Health Facilities and Emergency Medical Services Division
-105.053528,40.413666,785,010340,BANNER MCKEE MEDICAL CENTER,011,Hospital,Hospital,Short Term Hospital,HOSP-ACU,118,970-820-4640,LARIMER,"2000 BOISE AVE, LOVELAND, CO 80538",40.413666,-105.053528,yes,ACTIVE,2024/07/30 00:00:00+00,CDPHE Health Facilities and Emergency Medical Services Division
-104.709038,40.413891,787,010386,BANNER NORTH COLORADO MEDICAL CENTER,011,Hospital,Hospital,Short Term Hospital,HOSP-ACU,378,970-810-4121,WELD,"1801 16TH ST, GREELEY, CO 80631",40.413891,-104.709038,yes,ACTIVE,2024/07/30 00:00:00+00,CDPHE Health Facilities and Emergency Medical Services Division
-104.828247,39.727409,823,01D717,"BEHAVIORAL HEALTH & WELLNESS CTR AT TMCA, THE",01C,Hospital,Hospital,Licensed Only Psychiatric Hospital,LICPSY,120,303-360-3125,ARAPAHOE,"700 POTOMAC ST, AURORA, CO 80011",39.727409,-104.828247,yes,ACTIVE,2024/07/30 00:00:00+00,CDPHE Health Facilities and Emergency Medical Services Division
-103.201317,38.066273,836,18I529,BENT COUNTY CORRECTIONAL FACILITY,S63,Community Clinic,Clinic,Community Clinic-DOC,CCDOC,0,719-456-2610,BENT,"11560 COUNTY ROAD FF. 75, LAS ANIMAS, CO 81054",38.066273,-103.201317,yes,ACTIVE,2024/07/30 00:00:00+00,CDPHE Health Facilities and Emergency Medical Services Division
-106.245407,39.025555,1003,180502,BUENA VISTA CORRECTIONAL COMPLEX,S63,Community Clinic,Clinic,Community Clinic-DOC,CCDOC,0,719-395-7233,CHAFFEE,"15125 US-24, BUENA VISTA, CO 81211",39.025555,-106.245407,yes,ACTIVE,2024/07/30 00:00:00+00,CDPHE Health Facilities and Emergency Medical Services Division
-104.819199,38.804638,1117,010507,CEDAR SPRINGS BEHAVIORAL HEALTH SYSTEM,012,Hospital,Hospital,Psychiatric Hospital,HOSP-PSY,76,719-633-4114,EL PASO,"2135 SOUTHGATE RD, COLORADO SPRINGS, CO 80906",38.804638,-104.819199,yes,ACTIVE,2024/07/30 00:00:00+00,CDPHE Health Facilities and Emergency Medical Services Division
-105.161285,38.424709,1121,180604,CENTENNIAL CORRECTIONAL FACILITY,S63,Community Clinic,Clinic,Community Clinic-DOC,CCDOC,0,719-269-5520,FREMONT,"600 EVANS RD, CANON CITY, CO 81212",38.424709,-105.161285,yes,ACTIVE,2024/07/30 00:00:00+00,CDPHE Health Facilities and Emergency Medical Services Division
-104.822586,39.594833,1123,01NKZM,CENTENNIAL HOSPITAL A CAMPUS OF TMCA,01B,Hospital,Hospital,Licensed Only General Hospital,LICGEN,20,303-699-3000,ARAPAHOE,"14200 E ARAPAHOE RD, CENTENNIAL, CO 80112",39.594833,-104.822586,yes,ACTIVE,2024/07/30 00:00:00+00,CDPHE Health Facilities and Emergency Medical Services Division
-105.147118,39.944214,1125,010304,CENTENNIAL PEAKS HOSPITAL,012,Hospital,Hospital,Psychiatric Hospital,HOSP-PSY,104,303-673-9990,BOULDER,"2255 S 88TH ST, LOUISVILLE, CO 80027-9716",39.944214,-105.147118,yes,ACTIVE,2024/07/30 00:00:00+00,CDPHE Health Facilities and Emergency Medical Services Division
-104.973557,39.670555,1151,TC0001,CENTURA HEALTH-PORTER ADVENTIST HOSPITAL,01T,Hospital,Hospital,Transplant Hospital,TH,0,303-778-5671,DENVER,"2535 SOUTH DOWNING STREET #380, DENVER, CO 80210",39.670555,-104.973557,no,ACTIVE,2024/07/30 00:00:00+00,CDPHE Health Facilities and Emergency Medical Services Division
-104.975491,39.670166,1152,TC0005,CENTURA HEALTH-PORTER ADVENTIST HOSPITAL,01T,Hospital,Hospital,Transplant Hospital,TH,0,303-778-1955,DENVER,"2525 S DOWNING ST, DENVER, CO 80210",39.670166,-104.975491,no,ACTIVE,2024/07/30 00:00:00+00,CDPHE Health Facilities and Emergency Medical Services Division
-104.836922,39.741344,1177,COEG3Z,CHILDRENS HOSPITAL ASSOCIATION THE,019,Hospital,Hospital,Non-Participating Hospital - Obsolete,HOSP-NP,0,720-777-1234,ADAMS,"13123 EAST 16TH AVENUE, AURORA, CO 80045",39.741344,-104.836922,no,ACTIVE,2024/07/30 00:00:00+00,CDPHE Health Facilities and Emergency Medical Services Division
-104.836922,39.741344,1178,TC0002,CHILDRENS HOSPITAL ASSOCIATION THE,01T,Hospital,Hospital,Transplant Hospital,TH,0,303-861-8888,ADAMS,"13123 EAST 16TH AVENUE, AURORA, CO 80045",39.741344,-104.836922,no,PENDING (CLOSING OR OPENING),2024/07/30 00:00:00+00,CDPHE Health Facilities and Emergency Medical Services Division
-104.836922,39.741344,1179,010417,CHILDREN'S HOSPITAL COLORADO,016,Hospital,Hospital,Children's Hospital,HOSP-CHD,460,720-777-1234,ADAMS,"13123 E 16TH AVE, AURORA, CO 80045-7106",39.741344,-104.836922,yes,ACTIVE,2024/07/30 00:00:00+00,CDPHE Health Facilities and Emergency Medical Services Division
-104.757935,38.966011,1181,01B436,CHILDREN'S HOSPITAL COLORADO - COLORADO SPRINGS,016,Hospital,Hospital,Children's Hospital,HOSP-CHD,115,719-305-9590,EL PASO,"4090 BRIARGATE PKWY, COLORADO SPRINGS, CO 80920-7815",38.966011,-104.757935,yes,ACTIVE,2024/07/30 00:00:00+00,CDPHE Health Facilities and Emergency Medical Services Division
-104.992226,40.000381,1183,018MU3,CHILDREN'S HOSPITAL COLORADO - NORTH CAMPUS,016,Hospital,Hospital,Children's Hospital,HOSP-CHD,22,720-777-1234,BROOMFIELD,"469 STATE HIGHWAY 7, BROOMFIELD, CO 80023-8965",40.000381,-104.992226,yes,ACTIVE,2024/07/30 00:00:00+00,CDPHE Health Facilities and Emergency Medical Services Division
-105.008499,39.555756,1184,01F105,CHILDREN'S HOSPITAL COLORADO - SOUTH CAMPUS,016,Hospital,Hospital,Children's Hospital,HOSP-CHD,16,720-478-1234,DOUGLAS,"1811 PLAZA DR, HIGHLANDS RANCH, CO 80129-2450",39.555756,-105.008499,yes,ACTIVE,2024/07/30 00:00:00+00,CDPHE Health Facilities and Emergency Medical Services Division
-106.18347,39.369017,1218,COZVQ7,CLIMAX MOLYBDENUM COMPANY HOSPITAL,019,Hospital,Hospital,Non-Participating Hospital - Obsolete,HOSP-NP,0,,LAKE,"SCHOTT BLVD, CLIMAX, CO 80429",39.369017,-106.18347,no,PENDING (CLOSING OR OPENING),2024/07/30 00:00:00+00,CDPHE Health Facilities and Emergency Medical Services Division
-105.172913,39.733986,1255,18E479,COLORADO CORRECTIONAL CENTER,S63,Community Clinic,Clinic,Community Clinic-DOC,CCDOC,0,303-273-1620,JEFFERSON,"15445 S GOLDEN RD, GOLDEN, CO 80401",39.733986,-105.172913,no,PENDING (CLOSING OR OPENING),2024/07/30 00:00:00+00,CDPHE Health Facilities and Emergency Medical Services Division
-104.915497,39.740032,1270,18V346,"COLORADO HEALTH NETWORK, INC.",S65,Community Clinic,Clinic,Community Clinic-Voluntary,CCVOL,0,303-962-5317,DENVER,"6260 E COLFAX AVE, DENVER, CO 80220-1515",39.740032,-104.915497,yes,ACTIVE,2024/07/30 00:00:00+00,CDPHE Health Facilities and Emergency Medical Services Division
-105.033424,39.642212,1285,010493,COLORADO MENTAL HEALTH HOSPITAL IN FORT LOGAN,012,Hospital,Hospital,Psychiatric Hospital,HOSP-PSY,138,303-866-7080,DENVER,"3520 W OXFORD AVE, DENVER, CO 80236",39.642212,-105.033424,yes,ACTIVE,2024/07/30 00:00:00+00,CDPHE Health Facilities and Emergency Medical Services Division
-104.628891,38.290962,1286,010625,COLORADO MENTAL HEALTH HOSPITAL IN PUEBLO,012,Hospital,Hospital,Psychiatric Hospital,HOSP-PSY,516,719-546-4747,PUEBLO,"1600 W 24TH ST, PUEBLO, CO 81003-1411",38.290962,-104.628891,yes,ACTIVE,2024/07/30 00:00:00+00,CDPHE Health Facilities and Emergency Medical Services Division
-104.755539,38.865002,1303,18L191,COLORADO SPRINGS PEDIATRIC PRIMARY CARE,S65,Community Clinic,Clinic,Community Clinic-Voluntary,CCVOL,0,719-722-4516,EL PASO,"2233 ACADEMY PLACE, #105, COLORADO SPRINGS, CO 80909",38.865002,-104.755539,no,PENDING (CLOSING OR OPENING),2024/07/30 00:00:00+00,CDPHE Health Facilities and Emergency Medical Services Division
-105.157927,38.440393,1305,1806U1,COLORADO STATE PENITENTIARY,S63,Community Clinic,Clinic,Community Clinic-DOC,CCDOC,0,719-269-5186,FREMONT,"57500 E HIGHWAY 50, CANON CITY, CO 81212-9363",38.440393,-105.157927,yes,ACTIVE,2024/07/30 00:00:00+00,CDPHE Health Facilities and Emergency Medical Services Division
-108.617203,39.106239,1375,011119,COMMUNITY HOSPITAL,011,Hospital,Hospital,Short Term Hospital,HOSP-ACU,60,970-644-3011,MESA,"2351 'G' ROAD, GRAND JUNCTION, CO 81505",39.106239,-108.617203,yes,ACTIVE,2024/07/30 00:00:00+00,CDPHE Health Facilities and Emergency Medical Services Division
-104.97834,39.654766,1457,010435,CRAIG HOSPITAL,015,Hospital,Hospital,Long Term Hospital,HOSP-LT,93,303-789-8000,ARAPAHOE,"3425 S CLARKSON ST, ENGLEWOOD, CO 80113-2811",39.654766,-104.97834,yes,ACTIVE,2024/07/30 00:00:00+00,CDPHE Health Facilities and Emergency Medical Services Division
-103.958153,38.162155,1475,18O145,CROWLEY COUNTY CORRECTIONAL FACILITY,S63,Community Clinic,Clinic,Community Clinic-DOC,CCDOC,0,719-267-3548,CROWLEY,"6564 STATE HIGHWAY 96, OLNEY SPRINGS, CO 81062-8700",38.162155,-103.958153,yes,ACTIVE,2024/07/30 00:00:00+00,CDPHE Health Facilities and Emergency Medical Services Division
-108.149456,38.70958,1513,1811B6,DELTA CORRECTIONAL CENTER,S63,Community Clinic,Clinic,Community Clinic-DOC,CCDOC,0,970-874-5882,DELTA,"11363 LOCKHART RD, DELTA, CO 81416-8820",38.70958,-108.149456,yes,ACTIVE,2024/07/30 00:00:00+00,CDPHE Health Facilities and Emergency Medical Services Division
-108.047417,38.743221,1515,011145,DELTA COUNTY MEMORIAL HOSPITAL,011,Hospital,Hospital,Short Term Hospital,HOSP-ACU,49,970-874-7681,DELTA,"1501 E 3RD ST, DELTA, CO 81416-2815",38.743221,-108.047417,yes,ACTIVE,2024/07/30 00:00:00+00,CDPHE Health Facilities and Emergency Medical Services Division
-104.990257,39.728134,1536,010444,DENVER HEALTH MEDICAL CENTER,011,Hospital,Hospital,Short Term Hospital,HOSP-ACU,555,303-436-4927,DENVER,"777 BANNOCK ST, DENVER, CO 80204-4507",39.728134,-104.990257,yes,ACTIVE,2024/07/30 00:00:00+00,CDPHE Health Facilities and Emergency Medical Services Division
-105.762077,39.88641,1537,18M592,DENVER HEALTH WINTER PARK MEDICAL CENTER,S62,Community Clinic,Clinic,Community Clinic & Emergency Center,CCEC,0,970-726-4299,GRAND,"145 PARSENN RD, WINTER PARK, CO 80482",39.88641,-105.762077,yes,ACTIVE,2024/07/30 00:00:00+00,CDPHE Health Facilities and Emergency Medical Services Division
-105.024185,39.735622,1546,1804GC,"DENVER INDIAN HEALTH AND FAMILY SERVICES, INC.",S65,Community Clinic,Clinic,Community Clinic-Voluntary,CCVOL,0,303-953-6600,DENVER,"2880 W HOLDEN PL, DENVER, CO 80204-3353",39.735622,-105.024185,yes,ACTIVE,2024/07/30 00:00:00+00,CDPHE Health Facilities and Emergency Medical Services Division
-104.856895,39.767811,1552,180402,DENVER RECEPTION AND DIAGNOSTIC CENTER DISPENSARY,S63,Community Clinic,Clinic,Community Clinic-DOC,CCDOC,0,303-307-2301,DENVER,"10900 SMITH RD, DENVER, CO 80239-3262",39.767811,-104.856895,yes,ACTIVE,2024/07/30 00:00:00+00,CDPHE Health Facilities and Emergency Medical Services Division
-104.856895,39.767811,1553,180401,DENVER RECEPTION AND DIAGNOSTIC CENTER INFIRMARY,S63,Community Clinic,Clinic,Community Clinic-DOC,CCDOC,50,303-307-2304,DENVER,"10900 SMITH RD, DENVER, CO 80239-3262",39.767811,-104.856895,yes,ACTIVE,2024/07/30 00:00:00+00,CDPHE Health Facilities and Emergency Medical Services Division
-104.979378,39.850128,1554,01O235,DENVER REGIONAL REHABILITATION HOSPITAL,013,Hospital,Hospital,Rehabilitation Hospital,HOSP-RHB,31,303-301-8700,ADAMS,"8451 PEARL ST STE 101, THORNTON, CO 80229-4803",39.850128,-104.979378,yes,ACTIVE,2024/07/30 00:00:00+00,CDPHE Health Facilities and Emergency Medical Services Division
-104.826752,39.557713,1556,01X753,DENVER SPRINGS,012,Hospital,Hospital,Psychiatric Hospital,HOSP-PSY,96,720-643-4300,DOUGLAS,"8835 AMERICAN WY, ENGLEWOOD, CO 80112",39.557713,-104.826752,yes,ACTIVE,2024/07/30 00:00:00+00,CDPHE Health Facilities and Emergency Medical Services Division
-104.865639,39.767307,1560,1804UR,DENVER WOMEN'S CORRECTIONAL FACILITY,S63,Community Clinic,Clinic,Community Clinic-DOC,CCDOC,0,303-307-2301,DENVER,"3600 HAVANA ST, DENVER, CO 80239-3266",39.767307,-104.865639,yes,ACTIVE,2024/07/30 00:00:00+00,CDPHE Health Facilities and Emergency Medical Services Division
-105.242841,38.438549,1604,180606,DOC CLINICAL SERVICES INFIRMARY,S63,Community Clinic,Clinic,Community Clinic-DOC,CCDOC,32,719-269-4250,FREMONT,"275 W HWY 50, CANON CITY, CO 81212",38.438549,-105.242841,yes,ACTIVE,2024/07/30 00:00:00+00,CDPHE Health Facilities and Emergency Medical Services Division
-103.649277,40.254757,1642,25017J,EAST MORGAN COUNTY HOSPITAL,014,Hospital,Hospital,Critical Access Hospital,HOSP-CAH,25,970-842-6222,MORGAN,"2400 W EDISON ST, BRUSH, CO 80723-1640",40.254757,-103.649277,yes,ACTIVE,2024/07/30 00:00:00+00,CDPHE Health Facilities and Emergency Medical Services Division
-104.891685,39.722897,1651,01H140,EATING RECOVERY CENTER,01C,Hospital,Hospital,Licensed Only Psychiatric Hospital,LICPSY,72,303-825-8584,DENVER,"8199 E 1ST AVE, DENVER, CO 80230-7163",39.722897,-104.891685,yes,ACTIVE,2024/07/30 00:00:00+00,CDPHE Health Facilities and Emergency Medical Services Division
-104.968376,39.745224,1652,01C959,EATING RECOVERY CENTER A BEHAVIORAL HOSPITAL,01C,Hospital,Hospital,Licensed Only Psychiatric Hospital,LICPSY,36,720-258-4031,DENVER,"1830 N FRANKLIN ST STE 500, DENVER, CO 80218",39.745224,-104.968376,yes,ACTIVE,2024/07/30 00:00:00+00,CDPHE Health Facilities and Emergency Medical Services Division
-106.047081,39.477406,1701,1804SY,EMERGENCY & URGENT CARE BRECKENRIDGE,S62,Community Clinic,Clinic,Community Clinic & Emergency Center,CCEC,0,970-453-1010,SUMMIT,"555 S PARK AVE, BRECKENRIDGE, CO 80424",39.477406,-106.047081,yes,ACTIVE,2024/07/30 00:00:00+00,CDPHE Health Facilities and Emergency Medical Services Division
-106.156227,39.50248,1702,18041P,EMERGENCY & URGENT CARE COPPER,S62,Community Clinic,Clinic,Community Clinic & Emergency Center,CCEC,0,970-968-2330,SUMMIT,"860 COPPER RD, COPPER MOUNTAIN, CO 80443",39.50248,-106.156227,yes,ACTIVE,2024/07/30 00:00:00+00,CDPHE Health Facilities and Emergency Medical Services Division
-105.952797,39.604711,1705,18041J,EMERGENCY & URGENT CARE KEYSTONE,S62,Community Clinic,Clinic,Community Clinic & Emergency Center,CCEC,0,970-468-6677,SUMMIT,"1252 CO RD 8, KEYSTONE, CO 80435",39.604711,-105.952797,yes,ACTIVE,2024/07/30 00:00:00+00,CDPHE Health Facilities and Emergency Medical Services Division
-104.819794,38.803036,1710,COIWG1,EMORY JOHN BRADY HOSPITAL,019,Hospital,Hospital,Non-Participating Hospital - Obsolete,HOSP-NP,0,719-000-0000,EL PASO,"401 SOUTHGATE RD, COLORADO SPRINGS, CO 80901",38.803036,-104.819794,no,ACTIVE,2024/07/30 00:00:00+00,CDPHE Health Facilities and Emergency Medical Services Division
-104.791321,38.828758,1720,010501,ENCOMPASS HEALTH REHABILITATION HOSPITAL OF COLORADO SPRINGS,013,Hospital,Hospital,Rehabilitation Hospital,HOSP-RHB,64,719-630-8000,EL PASO,"325 S PARKSIDE DR, COLORADO SPRINGS, CO 80910-3134",38.828758,-104.791321,yes,ACTIVE,2024/07/30 00:00:00+00,CDPHE Health Facilities and Emergency Medical Services Division
-105.00029,39.573635,1721,01A933,ENCOMPASS HEALTH REHABILITATION HOSPITAL OF LITTLETON,013,Hospital,Hospital,Rehabilitation Hospital,HOSP-RHB,60,303-334-1100,ARAPAHOE,"1001 W MINERAL AVE, LITTLETON, CO 80120-4507",39.573635,-105.00029,yes,ACTIVE,2024/07/30 00:00:00+00,CDPHE Health Facilities and Emergency Medical Services Division
-105.514091,40.372314,1762,010302,ESTES PARK MEDICAL CENTER,014,Hospital,Hospital,Critical Access Hospital,HOSP-CAH,23,970-577-4470,LARIMER,"555 PROSPECT AVE, ESTES PARK, CO 80517-6312",40.372314,-105.514091,yes,ACTIVE,2024/07/30 00:00:00+00,CDPHE Health Facilities and Emergency Medical Services Division
-108.735985,39.164284,1823,2511OC,FAMILY HEALTH WEST HOSPITAL,014,Hospital,Hospital,Critical Access Hospital,HOSP-CAH,25,970-858-3900,MESA,"300 W OTTLEY AVE, FRUITA, CO 81521",39.164284,-108.735985,yes,ACTIVE,2024/07/30 00:00:00+00,CDPHE Health Facilities and Emergency Medical Services Division
-102.839905,40.681568,1874,18017C,FLEMING FAMILY HEALTH CENTER,S65,Community Clinic,Clinic,Community Clinic-Voluntary,CCVOL,0,970-774-6123,LOGAN,"104 W LARIMER STREET, FLEMING, CO 80728",40.681568,-102.839905,yes,ACTIVE,2024/07/30 00:00:00+00,CDPHE Health Facilities and Emergency Medical Services Division
-105.236305,40.014862,1897,010323,FOOTHILLS HOSPITAL,011,Hospital,Hospital,Short Term Hospital,HOSP-ACU,181,303-415-7440,BOULDER,"4747 ARAPAHOE AVE, BOULDER, CO 80303",40.014862,-105.236305,yes,ACTIVE,2024/07/30 00:00:00+00,CDPHE Health Facilities and Emergency Medical Services Division
-105.224122,38.44737,1920,1806XD,FOUR MILE CORRECTIONAL CENTER,S63,Community Clinic,Clinic,Community Clinic-DOC,CCDOC,0,719-269-5374,FREMONT,"HWY 50 E & EVANS BLVD, CANON CITY, CO 81212",38.44737,-105.224122,yes,ACTIVE,2024/07/30 00:00:00+00,CDPHE Health Facilities and Emergency Medical Services Division
-105.161285,38.424709,1930,180605,FREMONT CORRECTIONAL FACILITY,S63,Community Clinic,Clinic,Community Clinic-DOC,CCDOC,0,719-269-5080,FREMONT,"600 EVANS RD, CANON CITY, CO 81212",38.424709,-105.161285,yes,ACTIVE,2024/07/30 00:00:00+00,CDPHE Health Facilities and Emergency Medical Services Division
-107.764122,39.523056,2112,010830,GRAND RIVER MEDICAL CENTER,014,Hospital,Hospital,Critical Access Hospital,HOSP-CAH,25,970-625-1510,GARFIELD,"501 AIRPORT RD, RIFLE, CO 81650-8510",39.523056,-107.764122,yes,ACTIVE,2024/07/30 00:00:00+00,CDPHE Health Facilities and Emergency Medical Services Division
-106.965951,38.898891,2151,18R936,GUNNISON VALLEY HEALTH MOUNTAIN CLINIC,S62,Community Clinic,Clinic,Community Clinic & Emergency Center,CCEC,0,970-349-0321,GUNNISON,"12 SNOWMASS RD AXTEL STE 100, MOUNT CRESTED BUTTE, CO 81225",38.898891,-106.965951,yes,ACTIVE,2024/07/30 00:00:00+00,CDPHE Health Facilities and Emergency Medical Services Division
-106.924393,38.551147,2153,010909,GUNNISON VALLEY HOSPITAL,014,Hospital,Hospital,Critical Access Hospital,HOSP-CAH,24,970-641-1456,GUNNISON,"711 N TAYLOR ST, GUNNISON, CO 81230-2296",38.551147,-106.924393,yes,ACTIVE,2024/07/30 00:00:00+00,CDPHE Health Facilities and Emergency Medical Services Division
-102.630775,40.641441,2206,010112,HAXTUN HOSPITAL DISTRICT,014,Hospital,Hospital,Critical Access Hospital,HOSP-CAH,25,970-774-6123,PHILLIPS,"235 W FLETCHER ST, HAXTUN, CO 80731",40.641441,-102.630775,yes,ACTIVE,2024/07/30 00:00:00+00,CDPHE Health Facilities and Emergency Medical Services Division
-106.007607,38.542908,2238,010628,HEART OF THE ROCKIES REGIONAL MEDICAL CENTER,014,Hospital,Hospital,Critical Access Hospital,HOSP-CAH,25,719-530-2200,CHAFFEE,"1000 RUSH DR, SALIDA, CO 81201-9627",38.542908,-106.007607,yes,ACTIVE,2024/07/30 00:00:00+00,CDPHE Health Facilities and Emergency Medical Services Division
-104.907089,39.561672,2276,01B953,HIGHLANDS BEHAVIORAL HEALTH SYSTEM,012,Hospital,Hospital,Psychiatric Hospital,HOSP-PSY,86,720-348-2801,DOUGLAS,"8565 S POPLAR WAY, LITTLETON, CO 80130",39.561672,-104.907089,yes,ACTIVE,2024/07/30 00:00:00+00,CDPHE Health Facilities and Emergency Medical Services Division
-105.185369,38.747607,2285,COOOT0,HILL TOP HOSPITAL,019,Hospital,Hospital,Non-Participating Hospital - Obsolete,HOSP-NP,0,719-000-0000,TELLER,"POST OFFICE BOX 397, CRIPPLE CREEK, CO 80813",38.747607,-105.185369,no,ACTIVE,2024/07/30 00:00:00+00,CDPHE Health Facilities and Emergency Medical Services Division
-105.08313,39.969784,2502,01I529,INTERMOUNTAIN HEALTH GOOD SAMARITAN HOSPITAL,011,Hospital,Hospital,Short Term Hospital,HOSP-ACU,234,303-689-5212,BOULDER,"200 EXEMPLA CIR, LAFAYETTE, CO 80026-3370",39.969784,-105.08313,yes,ACTIVE,2024/07/30 00:00:00+00,CDPHE Health Facilities and Emergency Medical Services Division
-105.145483,39.771889,2505,01L1WU,INTERMOUNTAIN HEALTH LUTHERAN HOSPITAL,01B,Hospital,Hospital,Licensed Only General Hospital,LICGEN,226,303-425-4500,JEFFERSON,"12911 W 40TH AVE, WHEAT RIDGE, CO 80401",39.771889,-105.145483,yes,PENDING (CLOSING OR OPENING),2024/07/30 00:00:00+00,CDPHE Health Facilities and Emergency Medical Services Division
-104.770851,39.965454,2506,010311,INTERMOUNTAIN HEALTH PLATTE VALLEY HOSPITAL,011,Hospital,Hospital,Short Term Hospital,HOSP-ACU,98,303-498-1600,ADAMS,"1600 PRAIRIE CENTER PKWY, BRIGHTON, CO 80601-4006",39.965454,-104.770851,yes,ACTIVE,2024/07/30 00:00:00+00,CDPHE Health Facilities and Emergency Medical Services Division
-104.971222,39.745815,2507,010430,INTERMOUNTAIN HEALTH SAINT JOSEPH HOSPITAL,011,Hospital,Hospital,Short Term Hospital,HOSP-ACU,400,303-812-2000,DENVER,"1375 E 19TH AVE, DENVER, CO 80218",39.745815,-104.971222,yes,ACTIVE,2024/07/30 00:00:00+00,CDPHE Health Facilities and Emergency Medical Services Division
-104.973953,40.402451,2548,01XQJB,JOHNSTOWN HEIGHTS BEHAVIORAL HEALTH,012,Hospital,Hospital,Psychiatric Hospital,HOSP-PSY,92,970-323-7709,LARIMER,"4770 LARIMER PKWY, JOHNSTOWN, CO 80534-8926",40.402451,-104.973953,yes,ACTIVE,2024/07/30 00:00:00+00,CDPHE Health Facilities and Emergency Medical Services Division
-102.355675,38.825634,2593,010232,KEEFE MEMORIAL HOSPITAL,014,Hospital,Hospital,Critical Access Hospital,HOSP-CAH,25,719-767-5661,CHEYENNE,"602 N 6TH ST W, CHEYENNE WELLS, CO 80810",38.825634,-102.355675,yes,ACTIVE,2024/07/30 00:00:00+00,CDPHE Health Facilities and Emergency Medical Services Division
-104.973557,39.670654,2623,0104MJ,KINDRED HOSPITAL - DENVER SOUTH,015,Hospital,Hospital,Long Term Hospital,HOSP-LT,28,303-715-7373,DENVER,"2525 S DOWNING ST 3RD FLOOR, DENVER, CO 80210",39.670654,-104.973557,yes,PENDING (CLOSING OR OPENING),2024/07/30 00:00:00+00,CDPHE Health Facilities and Emergency Medical Services Division
-104.828247,39.727409,2624,0104HY,KINDRED HOSPITAL AURORA,015,Hospital,Hospital,Long Term Hospital,HOSP-LT,37,720-857-8333,ARAPAHOE,"700 POTOMAC ST FL 2, AURORA, CO 80011",39.727409,-104.828247,yes,ACTIVE,2024/07/30 00:00:00+00,CDPHE Health Facilities and Emergency Medical Services Division
-104.964645,39.7463,2625,010420,KINDRED HOSPITAL-DENVER,015,Hospital,Hospital,Long Term Hospital,HOSP-LT,81,303-320-5871,DENVER,"1920 N HIGH ST, DENVER, CO 80218-1213",39.7463,-104.964645,yes,ACTIVE,2024/07/30 00:00:00+00,CDPHE Health Facilities and Emergency Medical Services Division
-102.270638,39.302715,2635,010167,KIT CARSON COUNTY MEMORIAL HOSPITAL,014,Hospital,Hospital,Critical Access Hospital,HOSP-CAH,19,719-346-4824,KIT CARSON,"286 16TH ST, BURLINGTON, CO 80807",39.302715,-102.270638,yes,ACTIVE,2024/07/30 00:00:00+00,CDPHE Health Facilities and Emergency Medical Services Division
-104.626991,38.282646,2652,180616,LA VISTA CORRECTIONAL FACILITY,S63,Community Clinic,Clinic,Community Clinic-DOC,CCDOC,0,719-583-5831,PUEBLO,"1401 WEST 17TH STREET, PUEBLO, CO 81003",38.282646,-104.626991,yes,ACTIVE,2024/07/30 00:00:00+00,CDPHE Health Facilities and Emergency Medical Services Division
-103.695671,39.21553,2760,180102,LIMON CORRECTIONAL FACILITY,S63,Community Clinic,Clinic,Community Clinic-DOC,CCDOC,0,719-775-9221,LINCOLN,"49030 STATE HWY 71 S, LIMON, CO 80826",39.21553,-103.695671,yes,ACTIVE,2024/07/30 00:00:00+00,CDPHE Health Facilities and Emergency Medical Services Division
-103.474068,39.138016,2764,010150,LINCOLN HEALTH HOSPITAL,014,Hospital,Hospital,Critical Access Hospital,HOSP-CAH,15,719-743-2421,LINCOLN,"111 6TH STREET, HUGO, CO 80821",39.138016,-103.474068,yes,ACTIVE,2024/07/30 00:00:00+00,CDPHE Health Facilities and Emergency Medical Services Division
-105.126442,40.181377,2794,010350,LONGMONT UNITED HOSPITAL,011,Hospital,Hospital,Short Term Hospital,HOSP-ACU,186,303-651-5111,BOULDER,"1950 MOUNTAIN VIEW AVE, LONGMONT, CO 80501-3129",40.181377,-105.126442,yes,ACTIVE,2024/07/30 00:00:00+00,CDPHE Health Facilities and Emergency Medical Services Division
-105.121162,40.149097,2795,01T314,LONGS PEAK HOSPITAL,011,Hospital,Hospital,Short Term Hospital,HOSP-ACU,83,720-718-3005,BOULDER,"1750 E KEN PRATT BLVD, LONGMONT, CO 80504-5311",40.149097,-105.121162,yes,ACTIVE,2024/07/30 00:00:00+00,CDPHE Health Facilities and Emergency Medical Services Division
-105.089363,39.769272,2824,010440,LUTHERAN MEDICAL CENTER,011,Hospital,Hospital,Short Term Hospital,HOSP-ACU,338,303-425-4500,JEFFERSON,"8300 W 38TH AVE, WHEAT RIDGE, CO 80033-6005",39.769272,-105.089363,yes,ACTIVE,2024/07/30 00:00:00+00,CDPHE Health Facilities and Emergency Medical Services Division
-104.831223,39.689274,2908,010414,"MEDICAL CENTER OF AURORA, THE",011,Hospital,Hospital,Short Term Hospital,HOSP-ACU,281,303-873-5511,ARAPAHOE,"1501 S POTOMAC ST, AURORA, CO 80012",39.689274,-104.831223,yes,ACTIVE,2024/07/30 00:00:00+00,CDPHE Health Facilities and Emergency Medical Services Division
-105.00145,40.415115,2909,01D460,MEDICAL CENTER OF THE ROCKIES,011,Hospital,Hospital,Short Term Hospital,HOSP-ACU,180,970-624-2500,LARIMER,"2500 ROCKY MOUNTAIN AVE, LOVELAND, CO 80538-9004",40.415115,-105.00145,yes,ACTIVE,2024/07/30 00:00:00+00,CDPHE Health Facilities and Emergency Medical Services Division
-102.29023,40.578484,2921,010120,MELISSA MEMORIAL HOSPITAL,014,Hospital,Hospital,Critical Access Hospital,HOSP-CAH,15,970-854-2241,PHILLIPS,"1001 E JOHNSON ST, HOLYOKE, CO 80734",40.578484,-102.29023,yes,ACTIVE,2024/07/30 00:00:00+00,CDPHE Health Facilities and Emergency Medical Services Division
-107.578705,40.518353,2926,010807,"MEMORIAL HOSPITAL, THE",014,Hospital,Hospital,Critical Access Hospital,HOSP-CAH,25,970-824-9411,MOFFAT,"750 HOSPITAL LOOP, CRAIG, CO 81625-8750",40.518353,-107.578705,yes,ACTIVE,2024/07/30 00:00:00+00,CDPHE Health Facilities and Emergency Medical Services Division
-107.824814,37.235138,2934,011213,MERCY HOSPITAL,011,Hospital,Hospital,Short Term Hospital,HOSP-ACU,82,970-247-4311,LA PLATA,"1010 THREE SPRINGS BLVD, DURANGO, CO 81301-8296",37.235138,-107.824814,yes,ACTIVE,2024/07/30 00:00:00+00,CDPHE Health Facilities and Emergency Medical Services Division
-106.391174,40.057365,2959,010804,MIDDLE PARK MEDICAL CENTER,014,Hospital,Hospital,Critical Access Hospital,HOSP-CAH,18,970-724-3442,GRAND,"214 S 4TH ST, KREMMLING, CO 80459",40.057365,-106.391174,yes,ACTIVE,2024/07/30 00:00:00+00,CDPHE Health Facilities and Emergency Medical Services Division
-105.925252,40.075831,2963,01J169,"MIDDLE PARK MEDICAL CENTER, GRANBY",01B,Hospital,Hospital,Licensed Only General Hospital,LICGEN,7,970-724-3121,GRAND,"1000 GRANBY PARK DR S, GRANBY, CO 80446",40.075831,-105.925252,yes,ACTIVE,2024/07/30 00:00:00+00,CDPHE Health Facilities and Emergency Medical Services Division
-107.869812,38.480095,3016,011165,MONTROSE REGIONAL HEALTH,011,Hospital,Hospital,Short Term Hospital,HOSP-ACU,75,970-249-2211,MONTROSE,"800 S 3RD ST, MONTROSE, CO 81401-4212",38.480095,-107.869812,yes,ACTIVE,2024/07/30 00:00:00+00,CDPHE Health Facilities and Emergency Medical Services Division
-104.841492,39.583836,3042,18U754,"MOSAIC INFUSION SOLUTIONS, LLC",S65,Community Clinic,Clinic,Community Clinic-Voluntary,CCVOL,0,720-456-3989,ARAPAHOE,"7307 SOUTH REVERE PARKWAY, SUITE 201, CENTENNIAL, CO 80112",39.583836,-104.841492,no,PENDING (CLOSING OR OPENING),2024/07/30 00:00:00+00,CDPHE Health Facilities and Emergency Medical Services Division
-104.48851,37.173016,3076,010704,MT SAN RAFAEL HOSPITAL,014,Hospital,Hospital,Critical Access Hospital,HOSP-CAH,25,719-846-9213,LAS ANIMAS,"410 BENEDICTA AVE, TRINIDAD, CO 81082-2005",37.173016,-104.48851,yes,ACTIVE,2024/07/30 00:00:00+00,CDPHE Health Facilities and Emergency Medical Services Division
-104.942513,39.73912,3098,0104MU,NATIONAL JEWISH HEALTH,011,Hospital,Hospital,Short Term Hospital,HOSP-ACU,46,303-388-4461,DENVER,"1400 JACKSON ST, DENVER, CO 80206-2761",39.73912,-104.942513,yes,ACTIVE,2024/07/30 00:00:00+00,CDPHE Health Facilities and Emergency Medical Services Division
-104.984772,39.864292,3154,010441,NORTH SUBURBAN MEDICAL CENTER,011,Hospital,Hospital,Short Term Hospital,HOSP-ACU,157,303-451-7800,ADAMS,"9191 GRANT ST, THORNTON, CO 80229-4361",39.864292,-104.984772,yes,ACTIVE,2024/07/30 00:00:00+00,CDPHE Health Facilities and Emergency Medical Services Division
-104.97139,40.405491,3162,01P638,NORTHERN COLORADO LONG TERM ACUTE HOSPITAL,015,Hospital,Hospital,Long Term Hospital,HOSP-LT,20,970-619-3400,LARIMER,"4401A UNION ST, JOHNSTOWN, CO 80534",40.405491,-104.97139,yes,ACTIVE,2024/07/30 00:00:00+00,CDPHE Health Facilities and Emergency Medical Services Division
-104.97139,40.405491,3163,01V196,"NORTHERN COLORADO REHABILITATION HOSPITAL, INC.",013,Hospital,Hospital,Rehabilitation Hospital,HOSP-RHB,40,970-619-3400,LARIMER,"4401 UNION ST, JOHNSTOWN, CO 80534-2800",40.405491,-104.97139,yes,ACTIVE,2024/07/30 00:00:00+00,CDPHE Health Facilities and Emergency Medical Services Division
-105.128113,39.717899,3265,01U246,ORTHOCOLORADO HOSP AT ST ANTHONY MEDICAL CAMPUS,011,Hospital,Hospital,Short Term Hospital,HOSP-ACU,48,720-321-5000,JEFFERSON,"11650 W 2ND PL, LAKEWOOD, CO 80228",39.717899,-105.128113,yes,ACTIVE,2024/07/30 00:00:00+00,CDPHE Health Facilities and Emergency Medical Services Division
-107.077293,37.252815,3287,01Y763,PAGOSA SPRINGS MEDICAL CENTER,014,Hospital,Hospital,Critical Access Hospital,HOSP-CAH,11,970-731-3700,ARCHULETA,"95 S PAGOSA BLVD, PAGOSA SPRINGS, CO 81147",37.252815,-107.077293,yes,ACTIVE,2024/07/30 00:00:00+00,CDPHE Health Facilities and Emergency Medical Services Division
-104.791595,40.421371,3293,01L08S,PAM HEALTH REHABILITATION HOSPITAL OF GREELEY,013,Hospital,Hospital,Rehabilitation Hospital,HOSP-RHB,42,970-425-6770,WELD,"6810 10TH ST, GREELEY, CO 80634",40.421371,-104.791595,yes,ACTIVE,2024/07/30 00:00:00+00,CDPHE Health Facilities and Emergency Medical Services Division
-105.06842,39.888062,3294,01V6FO,PAM HEALTH REHABILITATION HOSPITAL OF WESTMINSTER,013,Hospital,Hospital,Rehabilitation Hospital,HOSP-RHB,36,720-653-3440,JEFFERSON,"6500 W 104TH AVE, WESTMINSTER, CO 80020-4189",39.888062,-105.06842,yes,ACTIVE,2024/07/30 00:00:00+00,CDPHE Health Facilities and Emergency Medical Services Division
-105.20578,39.727158,3295,010NIZ,PAM REHABILITATION HOSPITAL OF GOLDEN,013,Hospital,Hospital,Rehabilitation Hospital,HOSP-RHB,50,303-872-6457,JEFFERSON,"600 GOLDEN RIDGE RD., GOLDEN, CO 80401",39.727158,-105.20578,yes,ACTIVE,2024/07/30 00:00:00+00,CDPHE Health Facilities and Emergency Medical Services Division
-105.035728,39.744026,3296,010486,PAM SPECIALTY HOSPITAL OF DENVER,015,Hospital,Hospital,Long Term Hospital,HOSP-LT,63,303-264-6900,DENVER,"1690 N MEADE ST, DENVER, CO 80204",39.744026,-105.035728,yes,ACTIVE,2024/07/30 00:00:00+00,CDPHE Health Facilities and Emergency Medical Services Division
-104.612221,38.281624,3327,010626,"PARKVIEW MEDICAL CENTER, INC",011,Hospital,Hospital,Short Term Hospital,HOSP-ACU,350,719-584-4000,PUEBLO,"400 W 16TH ST, PUEBLO, CO 81003",38.281624,-104.612221,yes,ACTIVE,2024/07/30 00:00:00+00,CDPHE Health Facilities and Emergency Medical Services Division
-104.701035,38.327572,3328,01JR3E,PARKVIEW PUEBLO WEST,01B,Hospital,Hospital,Licensed Only General Hospital,LICGEN,29,719-584-4000,PUEBLO,"899 E INDUSTRIAL BLVD, PUEBLO, CO 81007",38.327572,-104.701035,yes,PENDING (CLOSING OR OPENING),2024/07/30 00:00:00+00,CDPHE Health Facilities and Emergency Medical Services Division
-104.713837,38.937225,3367,01O618,PEAK VIEW BEHAVIORAL HEALTH,012,Hospital,Hospital,Psychiatric Hospital,HOSP-PSY,144,719-444-8484,EL PASO,"7353 SISTERS GRV, COLORADO SPRINGS, CO 80923-2615",38.937225,-104.713837,yes,ACTIVE,2024/07/30 00:00:00+00,CDPHE Health Facilities and Emergency Medical Services Division
-104.82019,38.865639,3405,010543,PENROSE HOSPITAL,011,Hospital,Hospital,Short Term Hospital,HOSP-ACU,300,719-776-5000,EL PASO,"2222 N NEVADA AVE, COLORADO SPRINGS, CO 80907-6819",38.865639,-104.82019,yes,ACTIVE,2024/07/30 00:00:00+00,CDPHE Health Facilities and Emergency Medical Services Division
-107.88253,40.045807,3456,010850,PIONEERS MEDICAL CENTER,014,Hospital,Hospital,Critical Access Hospital,HOSP-CAH,16,970-878-5047,RIO BLANCO,"100 PIONEERS MEDICAL CENTER DR, MEEKER, CO 81641",40.045807,-107.88253,yes,ACTIVE,2024/07/30 00:00:00+00,CDPHE Health Facilities and Emergency Medical Services Division
-105.057785,40.573654,3487,010305,POUDRE VALLEY HOSPITAL,011,Hospital,Hospital,Short Term Hospital,HOSP-ACU,255,970-495-7000,LARIMER,"1024 S LEMAY AVE, FORT COLLINS, CO 80524",40.573654,-105.057785,yes,ACTIVE,2024/07/30 00:00:00+00,CDPHE Health Facilities and Emergency Medical Services Division
-104.966728,39.746143,3508,TC0004,PRESBYTERIAN ST LUKE'S MEDICAL CENTER,01T,Hospital,Hospital,Transplant Hospital,TH,0,303-839-6100,DENVER,"1719 EAST 19TH AVENUE, DENVER, CO 80218",39.746143,-104.966728,no,ACTIVE,2024/07/30 00:00:00+00,CDPHE Health Facilities and Emergency Medical Services Division
-104.966728,39.746143,3509,010431,PRESBYTERIAN/ST. LUKE'S MEDICAL CENTER,011,Hospital,Hospital,Short Term Hospital,HOSP-ACU,680,303-839-6000,DENVER,"1719 E 19TH AVE, DENVER, CO 80218-1281",39.746143,-104.966728,yes,ACTIVE,2024/07/30 00:00:00+00,CDPHE Health Facilities and Emergency Medical Services Division
-102.610268,38.069111,3560,010217,PROWERS MEDICAL CENTER,014,Hospital,Hospital,Critical Access Hospital,HOSP-CAH,25,719-336-4343,PROWERS,"401 KENDALLL DR, LAMAR, CO 81052",38.069111,-102.610268,yes,ACTIVE,2024/07/30 00:00:00+00,CDPHE Health Facilities and Emergency Medical Services Division
-108.805817,40.080227,3614,011132,RANGELY DISTRICT HOSPITAL,014,Hospital,Hospital,Critical Access Hospital,HOSP-CAH,25,970-675-5011,RIO BLANCO,"225 EAGLE CREST DR, RANGELY, CO 81648-3105",40.080227,-108.805817,yes,ACTIVE,2024/07/30 00:00:00+00,CDPHE Health Facilities and Emergency Medical Services Division
-104.882668,39.779007,3672,018DRG,REUNION REHABILITATION HOSPITAL DENVER,013,Hospital,Hospital,Rehabilitation Hospital,HOSP-RHB,40,720-734-3500,DENVER,"4650 CENTRAL PARK BLVD, DENVER, CO 80238-2328",39.779007,-104.882668,yes,ACTIVE,2024/07/30 00:00:00+00,CDPHE Health Facilities and Emergency Medical Services Division
-104.86396,39.559723,3673,01WYTJ,REUNION REHABILITATION HOSPITAL INVERNESS,013,Hospital,Hospital,Rehabilitation Hospital,HOSP-RHB,40,720-741-8800,DOUGLAS,"372 INVERNESS DR S, ENGLEWOOD, CO 80112-5899",39.559723,-104.86396,yes,ACTIVE,2024/07/30 00:00:00+00,CDPHE Health Facilities and Emergency Medical Services Division
-107.781563,39.649689,3680,1808M3,RIFLE CORRECTIONAL CENTER,S63,Community Clinic,Clinic,Community Clinic-DOC,CCDOC,0,970-625-7578,GARFIELD,"200 COUNTY ROAD 219, RIFLE, CO 81650-9530",39.649689,-107.781563,yes,ACTIVE,2024/07/30 00:00:00+00,CDPHE Health Facilities and Emergency Medical Services Division
-106.364685,37.674381,3691,251011,RIO GRANDE HOSPITAL,014,Hospital,Hospital,Critical Access Hospital,HOSP-CAH,17,719-657-2510,RIO GRANDE,"310 COUNTY ROAD 14, DEL NORTE, CO 81132-8758",37.674381,-106.364685,yes,ACTIVE,2024/07/30 00:00:00+00,CDPHE Health Facilities and Emergency Medical Services Division
-104.934517,39.731113,3726,18E167,ROCKY MOUNTAIN CARES,S65,Community Clinic,Clinic,Community Clinic-Voluntary,CCVOL,0,303-393-8050,DENVER,"4545 E 9TH AVE, SUITE 120, DENVER, CO 80220",39.731113,-104.934517,no,PENDING (CLOSING OR OPENING),2024/07/30 00:00:00+00,CDPHE Health Facilities and Emergency Medical Services Division
-104.934334,39.731113,3746,010428,ROSE MEDICAL CENTER,011,Hospital,Hospital,Short Term Hospital,HOSP-ACU,422,303-320-2121,DENVER,"4567 E 9TH AVE, DENVER, CO 80220",39.731113,-104.934334,yes,ACTIVE,2024/07/30 00:00:00+00,CDPHE Health Facilities and Emergency Medical Services Division
-104.623413,38.278858,3804,1806TU,SAN CARLOS CORRECTIONAL FACILITY,S63,Community Clinic,Clinic,Community Clinic-DOC,CCDOC,0,719-583-5526,PUEBLO,"1410 W 13TH ST, PUEBLO, CO 81003",38.278858,-104.623413,yes,ACTIVE,2024/07/30 00:00:00+00,CDPHE Health Facilities and Emergency Medical Services Division
-105.883652,37.472424,3806,011001,SAN LUIS VALLEY HEALTH,011,Hospital,Hospital,Short Term Hospital,HOSP-ACU,49,719-587-1202,ALAMOSA,"106 BLANCA AVE, ALAMOSA, CO 81101-2340",37.472424,-105.883652,yes,ACTIVE,2024/07/30 00:00:00+00,CDPHE Health Facilities and Emergency Medical Services Division
-105.964188,37.26368,3808,011020,SAN LUIS VALLEY HEALTH CONEJOS COUNTY HOSPITAL,014,Hospital,Hospital,Critical Access Hospital,HOSP-CAH,17,719-274-5121,CONEJOS,"19021 US HIGHWAY 285, LA JARA, CO 81140",37.26368,-105.964188,yes,ACTIVE,2024/07/30 00:00:00+00,CDPHE Health Facilities and Emergency Medical Services Division
-102.268784,40.993336,3833,010170,SEDGWICK COUNTY MEMORIAL HOSPITAL,014,Hospital,Hospital,Critical Access Hospital,HOSP-CAH,15,970-474-3323,SEDGWICK,"900 CEDAR ST, JULESBURG, CO 80737-1121",40.993336,-102.268784,yes,ACTIVE,2024/07/30 00:00:00+00,CDPHE Health Facilities and Emergency Medical Services Division
-104.873085,39.528275,3926,01D972,SKY RIDGE MEDICAL CENTER,011,Hospital,Hospital,Short Term Hospital,HOSP-ACU,304,720-225-1000,DOUGLAS,"10101 RIDGEGATE PKWY, LONE TREE, CO 80124",39.528275,-104.873085,yes,ACTIVE,2024/07/30 00:00:00+00,CDPHE Health Facilities and Emergency Medical Services Division
-102.612457,37.404217,3992,010221,SOUTHEAST COLORADO HOSPITAL,014,Hospital,Hospital,Critical Access Hospital,HOSP-CAH,23,719-523-4501,BACA,"373 E 10TH AVE, SPRINGFIELD, CO 81073-1622",37.404217,-102.612457,yes,ACTIVE,2024/07/30 00:00:00+00,CDPHE Health Facilities and Emergency Medical Services Division
-108.572807,37.362072,4001,011206,SOUTHWEST MEMORIAL HOSPITAL,014,Hospital,Hospital,Critical Access Hospital,HOSP-CAH,20,970-565-6666,MONTEZUMA,"1311 N MILDRED RD, CORTEZ, CO 81321-2231",37.362072,-108.572807,yes,ACTIVE,2024/07/30 00:00:00+00,CDPHE Health Facilities and Emergency Medical Services Division
-104.828247,39.73045,4006,010433,SPALDING REHABILITATION HOSPITAL,013,Hospital,Hospital,Rehabilitation Hospital,HOSP-RHB,78,303-367-1166,ARAPAHOE,"900 POTOMAC ST, AURORA, CO 80011-6716",39.73045,-104.828247,yes,ACTIVE,2024/07/30 00:00:00+00,CDPHE Health Facilities and Emergency Medical Services Division
-104.966728,39.746143,4007,13L197,SPALDING REHABILITATION HOSPITAL AT PSLMC,S51,Hospital,Hospital,Hospital Unit,H-UNIT,22,303-839-6293,DENVER,"1719 E 19TH AVE STE 6B, DENVER, CO 80218-1235",39.746143,-104.966728,yes,ACTIVE,2024/07/30 00:00:00+00,CDPHE Health Facilities and Emergency Medical Services Division
-104.819809,37.607616,4011,010720,SPANISH PEAKS REGIONAL HEALTH CENTER,014,Hospital,Hospital,Critical Access Hospital,HOSP-CAH,20,719-738-5100,HUERFANO,"23500 US HIGHWAY 160, WALSENBURG, CO 81089-9524",37.607616,-104.819809,yes,ACTIVE,2024/07/30 00:00:00+00,CDPHE Health Facilities and Emergency Medical Services Division
-105.127586,39.717899,4049,010429,ST ANTHONY HOSPITAL,011,Hospital,Hospital,Short Term Hospital,HOSP-ACU,237,720-321-0000,JEFFERSON,"11600 W 2ND PL, LAKEWOOD, CO 80228-1527",39.717899,-105.127586,yes,ACTIVE,2024/07/30 00:00:00+00,CDPHE Health Facilities and Emergency Medical Services Division
-104.71582,38.940205,4053,01H523,ST FRANCIS HOSPITAL,01B,Hospital,Hospital,Licensed Only General Hospital,LICGEN,317,719-571-1000,EL PASO,"6001 E WOODMEN RD, COLORADO SPRINGS, CO 80923",38.940205,-104.71582,yes,ACTIVE,2024/07/30 00:00:00+00,CDPHE Health Facilities and Emergency Medical Services Division
-104.993629,39.955811,4059,010402,ST. ANTHONY NORTH HOSPITAL,011,Hospital,Hospital,Short Term Hospital,HOSP-ACU,151,720-627-0000,ADAMS,"14300 ORCHARD PKWY, WESTMINSTER, CO 80023-9206",39.955811,-104.993629,yes,ACTIVE,2024/07/30 00:00:00+00,CDPHE Health Facilities and Emergency Medical Services Division
-106.078156,39.569981,4060,01I155,ST. ANTHONY SUMMIT HOSPITAL,011,Hospital,Hospital,Short Term Hospital,HOSP-ACU,35,970-668-3300,SUMMIT,"340 PEAK ONE DR, FRISCO, CO 80443",39.569981,-106.078156,yes,ACTIVE,2024/07/30 00:00:00+00,CDPHE Health Facilities and Emergency Medical Services Division
-103.796135,40.259415,4061,010130,ST. ELIZABETH HOSPITAL,011,Hospital,Hospital,Short Term Hospital,HOSP-ACU,50,970-867-3391,MORGAN,"1000 LINCOLN ST, FORT MORGAN, CO 80701-3290",40.259415,-103.796135,yes,ACTIVE,2024/07/30 00:00:00+00,CDPHE Health Facilities and Emergency Medical Services Division
-104.807915,38.987961,4062,01VH9Q,ST. FRANCIS HOSPITAL - INTERQUEST,011,Hospital,Hospital,Short Term Hospital,HOSP-ACU,72,719-757-7000,EL PASO,"10860 NEW ALLEGIANCE DR, COLORADO SPRINGS, CO 80921",38.987961,-104.807915,yes,ACTIVE,2024/07/30 00:00:00+00,CDPHE Health Facilities and Emergency Medical Services Division
-104.622871,38.233265,4063,010650,ST. MARY-CORWIN HOSPITAL,011,Hospital,Hospital,Short Term Hospital,HOSP-ACU,408,719-557-4000,PUEBLO,"1008 MINNEQUA AVE, PUEBLO, CO 81004-3733",38.233265,-104.622871,yes,ACTIVE,2024/07/30 00:00:00+00,CDPHE Health Facilities and Emergency Medical Services Division
-108.561501,39.090565,4064,011160,ST. MARY'S REGIONAL HOSPITAL,011,Hospital,Hospital,Short Term Hospital,HOSP-ACU,346,970-298-2260,MESA,"2635 N 7TH ST, GRAND JUNCTION, CO 81501-8209",39.090565,-108.561501,yes,ACTIVE,2024/07/30 00:00:00+00,CDPHE Health Facilities and Emergency Medical Services Division
-105.230057,38.455692,4065,010623,ST. THOMAS MORE HOSPITAL,014,Hospital,Hospital,Critical Access Hospital,HOSP-CAH,25,719-285-2000,FREMONT,"1338 PHAY AVE, CANON CITY, CO 81212-2311",38.455692,-105.230057,yes,ACTIVE,2024/07/30 00:00:00+00,CDPHE Health Facilities and Emergency Medical Services Division
-106.301834,39.244766,4066,010908,ST. VINCENT GENERAL HOSPITAL DISTRICT,014,Hospital,Hospital,Critical Access Hospital,HOSP-CAH,8,719-486-0230,LAKE,"816 W 4TH ST, LEADVILLE, CO 80461-3861",39.244766,-106.301834,yes,ACTIVE,2024/07/30 00:00:00+00,CDPHE Health Facilities and Emergency Medical Services Division
-103.156021,40.613335,4094,1801OX,STERLING CORRECTIONAL FACILITY,S63,Community Clinic,Clinic,Community Clinic-DOC,CCDOC,0,970-521-8807,LOGAN,"12101 HWY 61, STERLING, CO 80751",40.613335,-103.156021,yes,ACTIVE,2024/07/30 00:00:00+00,CDPHE Health Facilities and Emergency Medical Services Division
-103.220482,40.613632,4097,010140,STERLING REGIONAL MEDCENTER,011,Hospital,Hospital,Short Term Hospital,HOSP-ACU,25,970-522-0122,LOGAN,"615 FAIRHURST ST, STERLING, CO 80751",40.613632,-103.220482,yes,ACTIVE,2024/07/30 00:00:00+00,CDPHE Health Facilities and Emergency Medical Services Division
-104.981613,39.653191,4198,010436,SWEDISH MEDICAL CENTER,011,Hospital,Hospital,Short Term Hospital,HOSP-ACU,504,303-788-5000,ARAPAHOE,"501 E HAMPDEN AVE, ENGLEWOOD, CO 80113-2702",39.653191,-104.981613,yes,ACTIVE,2024/07/30 00:00:00+00,CDPHE Health Facilities and Emergency Medical Services Division
-107.81604,37.937557,4237,181218,TELLURIDE REGIONAL MEDICAL CENTER,S62,Community Clinic,Clinic,Community Clinic & Emergency Center,CCEC,0,970-728-3848,SAN MIGUEL,"500 WEST PACIFIC AVE, TELLURIDE, CO 81435",37.937557,-107.81604,yes,ACTIVE,2024/07/30 00:00:00+00,CDPHE Health Facilities and Emergency Medical Services Division
-105.249446,38.437281,4263,180601,TERRITORIAL CORRECTIONAL FACILITY DISPENSARY,S63,Community Clinic,Clinic,Community Clinic-DOC,CCDOC,2,719-269-4250,FREMONT,"275 W US HIGHWAY 50, CANON CITY, CO 81212-6700",38.437281,-105.249446,yes,ACTIVE,2024/07/30 00:00:00+00,CDPHE Health Facilities and Emergency Medical Services Division
-104.282951,37.311649,4337,18U707,TRINIDAD CORRECTIONAL FACILITY,S63,Community Clinic,Clinic,Community Clinic-DOC,CCDOC,0,719-845-3241,LAS ANIMAS,"21000 US HWY 350, MODEL, CO 81059",37.311649,-104.282951,yes,ACTIVE,2024/07/30 00:00:00+00,CDPHE Health Facilities and Emergency Medical Services Division
-104.861318,38.998309,4371,COBGLF,U S AIR FORCE ACADEMY HOSPITAL,019,Hospital,Hospital,Non-Participating Hospital - Obsolete,HOSP-NP,0,832-476-8316,EL PASO,"US AIR FORCE ACADEMY, COLORADO SPRINGS, CO 80912",38.998309,-104.861318,no,ACTIVE,2024/07/30 00:00:00+00,CDPHE Health Facilities and Emergency Medical Services Division
-104.73531,38.668181,4372,COH5OF,U S ARMY HOSPITAL,019,Hospital,Hospital,Non-Participating Hospital - Obsolete,HOSP-NP,0,719-000-0000,EL PASO,"FORT CARSON ARMY BASE, FORT CARSON, CO 80913",38.668181,-104.73531,no,ACTIVE,2024/07/30 00:00:00+00,CDPHE Health Facilities and Emergency Medical Services Division
-105.093018,39.909222,4375,01Q177,UCHEALTH BROOMFIELD HOSPITAL,011,Hospital,Hospital,Short Term Hospital,HOSP-ACU,40,303-464-4500,BROOMFIELD,"11820 DESTINATION DR, BROOMFIELD, CO 80021-2518",39.909222,-105.093018,yes,ACTIVE,2024/07/30 00:00:00+00,CDPHE Health Facilities and Emergency Medical Services Division
-104.81694,38.910378,4387,01V343,UCHEALTH GRANDVIEW HOSPITAL,011,Hospital,Hospital,Short Term Hospital,HOSP-ACU,22,719-365-3300,EL PASO,"5623 PULPIT PEAK VIEW, COLORADO SPRINGS, CO 80918",38.910378,-104.81694,yes,ACTIVE,2024/07/30 00:00:00+00,CDPHE Health Facilities and Emergency Medical Services Division
-104.789078,40.390087,4388,01F112,UCHEALTH GREELEY HOSPITAL,011,Hospital,Hospital,Short Term Hospital,HOSP-ACU,88,970-652-2000,WELD,"6767 W 29TH ST, GREELEY, CO 80634",40.390087,-104.789078,yes,ACTIVE,2024/07/30 00:00:00+00,CDPHE Health Facilities and Emergency Medical Services Division
-105.004562,39.552635,4390,01G933,UCHEALTH HIGHLANDS RANCH HOSPITAL,011,Hospital,Hospital,Short Term Hospital,HOSP-ACU,139,720-516-1000,DOUGLAS,"1500 PARK CENTRAL DR, HIGHLANDS RANCH, CO 80129-6688",39.552635,-105.004562,yes,ACTIVE,2024/07/30 00:00:00+00,CDPHE Health Facilities and Emergency Medical Services Division
-105.075699,38.975739,4393,01K180,UCHEALTH PIKES PEAK REGIONAL HOSPITAL,014,Hospital,Hospital,Critical Access Hospital,HOSP-CAH,15,719-374-6060,TELLER,"16420 W US HIGHWAY 24, WOODLAND PARK, CO 80863-8760",38.975739,-105.075699,yes,ACTIVE,2024/07/30 00:00:00+00,CDPHE Health Facilities and Emergency Medical Services Division
-106.814468,40.462456,4394,010860,UCHEALTH YAMPA VALLEY MEDICAL CENTER,011,Hospital,Hospital,Short Term Hospital,HOSP-ACU,39,970-879-1322,ROUTT,"1024 CENTRAL PARK DR, STEAMBOAT SPRINGS, CO 80487",40.462456,-106.814468,yes,ACTIVE,2024/07/30 00:00:00+00,CDPHE Health Facilities and Emergency Medical Services Division
-104.758148,38.966019,4415,01A456,UNIVERSITY OF COLORADO HEALTH AT MEMORIAL HOSPITAL NORTH,01B,Hospital,Hospital,Licensed Only General Hospital,LICGEN,146,719-365-5000,EL PASO,"4050 BRIARGATE PKWY, COLORADO SPRINGS, CO 80920-7815",38.966019,-104.758148,yes,ACTIVE,2024/07/30 00:00:00+00,CDPHE Health Facilities and Emergency Medical Services Division
-104.800003,38.838867,4416,010542,UNIVERSITY OF COLORADO HEALTH MEMORIAL HOSPITAL CENTRAL,011,Hospital,Hospital,Short Term Hospital,HOSP-ACU,583,719-365-5000,EL PASO,"1400 E BOULDER ST, COLORADO SPRINGS, CO 80909-5533",38.838867,-104.800003,yes,ACTIVE,2024/07/30 00:00:00+00,CDPHE Health Facilities and Emergency Medical Services Division
-104.840729,39.741417,4417,TC0003,UNIVERSITY OF COLORADO HOSPITAL ANSCHUTZ INPATIENT,01T,Hospital,Hospital,Transplant Hospital,TH,0,720-848-7800,ADAMS,"12605 EAST 16TH AVENUE, AURORA, CO 80045",39.741417,-104.840729,no,ACTIVE,2024/07/30 00:00:00+00,CDPHE Health Facilities and Emergency Medical Services Division
-104.840729,39.741417,4418,010432,UNIVERSITY OF COLORADO HOSPITAL AUTHORITY,011,Hospital,Hospital,Short Term Hospital,HOSP-ACU,894,720-848-0000,ADAMS,"12605 E 16TH AVE, AURORA, CO 80045-2545",39.741417,-104.840729,yes,ACTIVE,2024/07/30 00:00:00+00,CDPHE Health Facilities and Emergency Medical Services Division
-104.97467,39.747013,4424,18ZXYT,UPTOWN COMMUNITY HEALTH CENTER INC,S65,Community Clinic,Clinic,Community Clinic-Voluntary,CCVOL,0,303-318-2505,DENVER,"1960 N OGDEN ST STE 300, DENVER, CO 80218",39.747013,-104.97467,yes,ACTIVE,2024/07/30 00:00:00+00,CDPHE Health Facilities and Emergency Medical Services Division
-108.54081,39.077271,4434,CO36SI,V A HOSPITAL,019,Hospital,Hospital,Non-Participating Hospital - Obsolete,HOSP-NP,0,970-000-0000,MESA,"2121 NORTH AVE, GRAND JUNCTION, CO 81501",39.077271,-108.54081,no,ACTIVE,2024/07/30 00:00:00+00,CDPHE Health Facilities and Emergency Medical Services Division
-103.131525,38.074645,4435,COM0I4,V A HOSPITAL,019,Hospital,Hospital,Non-Participating Hospital - Obsolete,HOSP-NP,0,,BENT,"*, FORT LYON, CO 81038",38.074645,-103.131525,no,ACTIVE,2024/07/30 00:00:00+00,CDPHE Health Facilities and Emergency Medical Services Division
-104.935181,39.732353,4436,COPSL8,V A HOSPITAL,019,Hospital,Hospital,Non-Participating Hospital - Obsolete,HOSP-NP,0,303-000-0000,DENVER,"1055 CLERMONT ST, DENVER, CO 80220",39.732353,-104.935181,no,ACTIVE,2024/07/30 00:00:00+00,CDPHE Health Facilities and Emergency Medical Services Division
-106.406881,39.638063,4450,CO2JMH,VAIL CLINIC,019,Hospital,Hospital,Non-Participating Hospital - Obsolete,HOSP-NP,0,970-000-0000,EAGLE,"POST OFFICE BOX 36, VAIL, CO 81657",39.638063,-106.406881,no,ACTIVE,2024/07/30 00:00:00+00,CDPHE Health Facilities and Emergency Medical Services Division
-106.381706,39.642876,4451,010911,VAIL HEALTH HOSPITAL,011,Hospital,Hospital,Short Term Hospital,HOSP-ACU,56,970-476-2451,EAGLE,"181 W MEADOW DR, VAIL, CO 81657-5242",39.642876,-106.381706,yes,ACTIVE,2024/07/30 00:00:00+00,CDPHE Health Facilities and Emergency Medical Services Division
-107.322723,39.53278,4467,010810,VALLEY VIEW HOSPITAL ASSOCIATION,011,Hospital,Hospital,Short Term Hospital,HOSP-ACU,78,970-945-6535,GARFIELD,"1906 BLAKE AVE, GLENWOOD SPRINGS, CO 81601-4259",39.53278,-107.322723,yes,ACTIVE,2024/07/30 00:00:00+00,CDPHE Health Facilities and Emergency Medical Services Division
-104.979378,39.850128,4494,010427,VIBRA HOSPITAL OF DENVER,015,Hospital,Hospital,Long Term Hospital,HOSP-LT,54,303-288-3000,ADAMS,"8451 PEARL ST, THORNTON, CO 80229-4801",39.850128,-104.979378,yes,ACTIVE,2024/07/30 00:00:00+00,CDPHE Health Facilities and Emergency Medical Services Division
-102.784531,38.480553,4565,010214,WEISBROD MEMORIAL COUNTY HOSPITAL,014,Hospital,Hospital,Critical Access Hospital,HOSP-CAH,25,719-438-5401,KIOWA,"1208 LUTHER ST, EADS, CO 81036",38.480553,-102.784531,yes,ACTIVE,2024/07/30 00:00:00+00,CDPHE Health Facilities and Emergency Medical Services Division
-104.996719,39.904388,4583,01CEYS,WEST PINES BEHAVIORAL HOSPITAL,012,Hospital,Hospital,Psychiatric Hospital,HOSP-PSY,144,615-861-6000,ADAMS,"11455 HURON ST, WESTMINSTER, CO 80234",39.904388,-104.996719,yes,PENDING (CLOSING OR OPENING),2024/07/30 00:00:00+00,CDPHE Health Facilities and Emergency Medical Services Division
-108.518692,39.078091,4584,01U328,"WEST SPRINGS HOSPITAL, INC.",012,Hospital,Hospital,Psychiatric Hospital,HOSP-PSY,48,970-683-7085,MESA,"515 28 3/4 RD , GRAND JUNCTION, CO 81501-5016",39.078091,-108.518692,yes,ACTIVE,2024/07/30 00:00:00+00,CDPHE Health Facilities and Emergency Medical Services Division
-102.234657,40.075459,4632,010160,WRAY COMMUNITY DISTRICT HOSPITAL,014,Hospital,Hospital,Critical Access Hospital,HOSP-CAH,15,970-332-4811,YUMA,"1017 W 7TH ST, WRAY, CO 80758-1420",40.075459,-102.234657,yes,ACTIVE,2024/07/30 00:00:00+00,CDPHE Health Facilities and Emergency Medical Services Division
-104.623146,38.278858,4648,1806LB,YOUTHFUL OFFENDER SYSTEM,S63,Community Clinic,Clinic,Community Clinic-DOC,CCDOC,0,719-583-5579,PUEBLO,"1330 W 13TH STREET, PUEBLO, CO 81003",38.278858,-104.623146,yes,ACTIVE,2024/07/30 00:00:00+00,CDPHE Health Facilities and Emergency Medical Services Division
-102.736633,40.1185,4655,010127,YUMA DISTRICT HOSPITAL,014,Hospital,Hospital,Critical Access Hospital,HOSP-CAH,15,970-848-5405,YUMA,"1000 W 8TH AVE, YUMA, CO 80759-2641",40.1185,-102.736633,yes,ACTIVE,2024/07/30 00:00:00+00,CDPHE Health Facilities and Emergency Medical Services Division
